{"form":{"id":"GOt4XD","name":"Registration","handle":"registration-4475","theme_id":null,"settings":{"locales":{"back":"Back","next":"Next","cancel":"Cancel","edit_link":"Edit account","fix_errors":"Please fix errors before continuing","is_invalid":"{{label}} is invalid","email_taken":"Email has already been taken","phone_taken":"Phone number has already been taken","server_error":"Could not save form, please try again later","step_counter":"Step {{current}} of {{total}}","verify_email":"Check your email for a verification link to activate your account.","not_available":"An error occurred while saving your account, please try again in a few minutes.","create_account":"Create account","update_account":"Update account","recaptcha_error":"Challenge verification failed, please try again","creating_account":"Creating account...","updating_account":"Updating account...","reset_password_link":"Reset your password","invalid_email_domain":"Email contains an invalid domain name","reset_password_email_sent":"Check your inbox for a link to reset your password.","reset_password_too_many_attempts":"You tried to reset your password too many times. Please wait and try again later."},"enableRecaptcha":false,"whitelistedTags":"","recaptchaSiteKey":"","markRequiredFields":false,"displayCancelButton":true,"goBackAfterSubmission":false,"cancelButtonRedirectUrl":"\/account\/login","postSubmissionRedirectUrl":"\/account","goBackAfterCancelButtonClick":false},"install_locations":[],"created_at":"2021-10-27T14:46:49Z","updated_at":"2021-10-27T14:46:49Z","revision_ids":["B5TARwz","NMTv46E"]},"revision":{"id":"B5TARwz","created_at":"2021-10-27T14:46:56Z","updated_at":"2021-10-27T14:46:56Z","embed_version":"4.7.1","published_at":null,"fields":[{"id":107241,"dataColumn":{"key":"first_name","label":"First name","dataType":"text"},"parentId":null,"position":0,"type":"text","stepId":932973,"default":"","label":"First name","placeholder":"","description":null,"enum":null,"appearance":{"width":12},"settings":{},"validations":[{"metadata":{"hiddenInApp":true},"operator":"not_blank","comparand":"","errorMessage":"Must not be blank"}],"sensitive":null,"preset":"first_name","autotag":null},{"id":586628,"dataColumn":{"key":"last_name","label":"Last name","dataType":"text"},"parentId":null,"position":1,"type":"text","stepId":932973,"default":"","label":"Last name","placeholder":"","description":null,"enum":null,"appearance":{"width":12},"settings":{},"validations":[{"metadata":{"hiddenInApp":true},"operator":"not_blank","comparand":"","errorMessage":"Must not be blank"}],"sensitive":null,"preset":"last_name","autotag":null},{"id":509584,"dataColumn":{"key":"email","label":"Email address","dataType":"email"},"parentId":null,"position":2,"type":"email","stepId":932973,"default":"","label":"Email address","placeholder":"","description":null,"enum":null,"appearance":{"width":12},"settings":{},"validations":[{"operator":"is_valid_email","comparand":null,"errorMessage":"Please provide a valid email address"},{"metadata":{"hiddenInApp":true},"operator":"not_blank","comparand":"","errorMessage":"Must not be blank"}],"sensitive":null,"preset":"email_address","autotag":null},{"id":357935,"dataColumn":{"key":"password","label":"Password","dataType":"text"},"parentId":null,"position":3,"type":"text","stepId":932973,"default":"","label":"Password","placeholder":"","description":null,"enum":null,"appearance":{"width":12},"settings":{},"validations":[{"metadata":{"hiddenInApp":true},"operator":"not_blank","comparand":"","errorMessage":"Must not be blank"},{"metadata":{"mandatory":true,"staticOperator":true,"comparandFieldProps":{"min":5}},"operator":"longer_than","comparand":5,"errorMessage":"Password is too short"}],"sensitive":true,"preset":"password","autotag":null}],"steps":[{"id":932973,"title":"Step 1","description":""}],"rules":[]}}